{
	"info": {
		"_postman_id": "akarat-api-collection",
		"name": "Akarat API Collection",
		"description": "API Collection for Akarat Real Estate Project",
		"schema": "https://schema.getpostman.com/json/collection/v2.1.0/collection.json"
	},
	"item": [
		{
			"name": "Dashboard APIs",
			"item": [
				{
					"name": "Admin Authentication",
					"item": [
						{
							"name": "Register Admin",
							"request": {
								"method": "POST",
								"header": [
									{
										"key": "Content-Type",
										"value": "application/json"
									}
								],
								"body": {
									"mode": "raw",
									"raw": "{\n  \"name\": \"Admin User\",\n  \"email\": \"admin@akarat.com\",\n  \"password\": \"admin123\",\n  \"phone\": \"+201234567890\"\n}"
								},
								"url": {
									"raw": "{{base_url}}/app/dashboard/register",
									"host": [
										"{{base_url}}"
									],
									"path": [
										"app",
										"dashboard",
										"register"
									]
								}
							}
						},
						{
							"name": "Login Admin",
							"request": {
								"method": "POST",
								"header": [
									{
										"key": "Content-Type",
										"value": "application/json"
									}
								],
								"body": {
									"mode": "raw",
									"raw": "{\n  \"email\": \"admin@akarat.com\",\n  \"password\": \"admin123\"\n}"
								},
								"url": {
									"raw": "{{base_url}}/app/dashboard/login",
									"host": [
										"{{base_url}}"
									],
									"path": [
										"app",
										"dashboard",
										"login"
									]
								}
							}
						}
					]
				},
				{
					"name": "Neighborhood Management",
					"item": [
						{
							"name": "Create Neighborhood",
							"request": {
								"method": "POST",
								"header": [
									{
										"key": "Authorization",
										"value": "Bearer {{admin_token}}"
									}
								],
								"body": {
									"mode": "formdata",
									"formdata": [
										{
											"key": "name",
											"value": "حي النزهة",
											"type": "text"
										},
										{
											"key": "description",
											"value": "حي سكني راقي في قلب المدينة",
											"type": "text"
										},
										{
											"key": "location",
											"value": "وسط المدينة",
											"type": "text"
										},
										{
											"key": "images",
											"type": "file",
											"src": []
										}
									]
								},
								"url": {
									"raw": "{{base_url}}/app/dashboard/create_neighborhood",
									"host": [
										"{{base_url}}"
									],
									"path": [
										"app",
										"dashboard",
										"create_neighborhood"
									]
								}
							}
						},
						{
							"name": "Get All Neighborhoods",
							"request": {
								"method": "GET",
								"header": [
									{
										"key": "Authorization",
										"value": "Bearer {{admin_token}}"
									}
								],
								"url": {
									"raw": "{{base_url}}/app/dashboard/get_all_neighborhoods",
									"host": [
										"{{base_url}}"
									],
									"path": [
										"app",
										"dashboard",
										"get_all_neighborhoods"
									]
								}
							}
						},
						{
							"name": "Get Neighborhood by ID",
							"request": {
								"method": "GET",
								"header": [
									{
										"key": "Authorization",
										"value": "Bearer {{admin_token}}"
									}
								],
								"url": {
									"raw": "{{base_url}}/app/dashboard/get_neighborhood/{{neighborhood_id}}",
									"host": [
										"{{base_url}}"
									],
									"path": [
										"app",
										"dashboard",
										"get_neighborhood",
										"{{neighborhood_id}}"
									]
								}
							}
						},
						{
							"name": "Edit Neighborhood",
							"request": {
								"method": "PATCH",
								"header": [
									{
										"key": "Authorization",
										"value": "Bearer {{admin_token}}"
									}
								],
								"body": {
									"mode": "formdata",
									"formdata": [
										{
											"key": "name",
											"value": "حي النزهة المحدث",
											"type": "text"
										},
										{
											"key": "description",
											"value": "حي سكني راقي محدث",
											"type": "text"
										},
										{
											"key": "location",
											"value": "وسط المدينة",
											"type": "text"
										},
										{
											"key": "images",
											"type": "file",
											"src": []
										}
									]
								},
								"url": {
									"raw": "{{base_url}}/app/dashboard/edit_neighborhood/{{neighborhood_id}}",
									"host": [
										"{{base_url}}"
									],
									"path": [
										"app",
										"dashboard",
										"edit_neighborhood",
										"{{neighborhood_id}}"
									]
								}
							}
						},
						{
							"name": "Delete Neighborhood",
							"request": {
								"method": "DELETE",
								"header": [
									{
										"key": "Authorization",
										"value": "Bearer {{admin_token}}"
									}
								],
								"url": {
									"raw": "{{base_url}}/app/dashboard/delete_neighborhood/{{neighborhood_id}}",
									"host": [
										"{{base_url}}"
									],
									"path": [
										"app",
										"dashboard",
										"delete_neighborhood",
										"{{neighborhood_id}}"
									]
								}
							}
						}
					]
				},
				{
					"name": "Department Management",
					"item": [
						{
							"name": "Create Department",
							"request": {
								"method": "POST",
								"header": [
									{
										"key": "Authorization",
										"value": "Bearer {{admin_token}}"
									}
								],
								"body": {
									"mode": "formdata",
									"formdata": [
										{
											"key": "title",
											"value": "شقة فاخرة للبيع",
											"type": "text"
										},
										{
											"key": "description",
											"value": "شقة فاخرة في قلب المدينة مع إطلالة رائعة",
											"type": "text"
										},
										{
											"key": "price",
											"value": "1500000",
											"type": "text"
										},
										{
											"key": "area",
											"value": "120",
											"type": "text"
										},
										{
											"key": "rooms",
											"value": "3",
											"type": "text"
										},
										{
											"key": "bathrooms",
											"value": "2",
											"type": "text"
										},
										{
											"key": "type",
											"value": "sale",
											"type": "text"
										},
										{
											"key": "neighborhood_id",
											"value": "{{neighborhood_id}}",
											"type": "text"
										},
										{
											"key": "images",
											"type": "file",
											"src": []
										}
									]
								},
								"url": {
									"raw": "{{base_url}}/app/dashboard/create_department",
									"host": [
										"{{base_url}}"
									],
									"path": [
										"app",
										"dashboard",
										"create_department"
									]
								}
							}
						},
						{
							"name": "Get All Departments",
							"request": {
								"method": "GET",
								"header": [
									{
										"key": "Authorization",
										"value": "Bearer {{admin_token}}"
									}
								],
								"url": {
									"raw": "{{base_url}}/app/dashboard/get_all_departments",
									"host": [
										"{{base_url}}"
									],
									"path": [
										"app",
										"dashboard",
										"get_all_departments"
									]
								}
							}
						},
						{
							"name": "Get Department by ID",
							"request": {
								"method": "GET",
								"header": [
									{
										"key": "Authorization",
										"value": "Bearer {{admin_token}}"
									}
								],
								"url": {
									"raw": "{{base_url}}/app/dashboard/get_department/{{department_id}}",
									"host": [
										"{{base_url}}"
									],
									"path": [
										"app",
										"dashboard",
										"get_department",
										"{{department_id}}"
									]
								}
							}
						},
						{
							"name": "Edit Department",
							"request": {
								"method": "PATCH",
								"header": [
									{
										"key": "Authorization",
										"value": "Bearer {{admin_token}}"
									}
								],
								"body": {
									"mode": "formdata",
									"formdata": [
										{
											"key": "title",
											"value": "شقة فاخرة محدثة للبيع",
											"type": "text"
										},
										{
											"key": "description",
											"value": "شقة فاخرة محدثة في قلب المدينة",
											"type": "text"
										},
										{
											"key": "price",
											"value": "1600000",
											"type": "text"
										},
										{
											"key": "area",
											"value": "125",
											"type": "text"
										},
										{
											"key": "rooms",
											"value": "3",
											"type": "text"
										},
										{
											"key": "bathrooms",
											"value": "2",
											"type": "text"
										},
										{
											"key": "type",
											"value": "sale",
											"type": "text"
										},
										{
											"key": "images",
											"type": "file",
											"src": []
										}
									]
								},
								"url": {
									"raw": "{{base_url}}/app/dashboard/edit_department/{{department_id}}",
									"host": [
										"{{base_url}}"
									],
									"path": [
										"app",
										"dashboard",
										"edit_department",
										"{{department_id}}"
									]
								}
							}
						},
						{
							"name": "Delete Department",
							"request": {
								"method": "DELETE",
								"header": [
									{
										"key": "Authorization",
										"value": "Bearer {{admin_token}}"
									}
								],
								"url": {
									"raw": "{{base_url}}/app/dashboard/delete_department/{{department_id}}",
									"host": [
										"{{base_url}}"
									],
									"path": [
										"app",
										"dashboard",
										"delete_department",
										"{{department_id}}"
									]
								}
							}
						},
						{
							"name": "Get All Departments in Neighborhood",
							"request": {
								"method": "GET",
								"header": [
									{
										"key": "Authorization",
										"value": "Bearer {{admin_token}}"
									}
								],
								"url": {
									"raw": "{{base_url}}/app/dashboard/get_all_departments_in_neighborhood/{{neighborhood_id}}",
									"host": [
										"{{base_url}}"
									],
									"path": [
										"app",
										"dashboard",
										"get_all_departments_in_neighborhood",
										"{{neighborhood_id}}"
									]
								}
							}
						}
					]
				},
				{
					"name": "Booking Management",
					"item": [
						{
							"name": "Get All Bookings",
							"request": {
								"method": "GET",
								"header": [
									{
										"key": "Authorization",
										"value": "Bearer {{admin_token}}"
									}
								],
								"url": {
									"raw": "{{base_url}}/app/dashboard/get_all_bookings",
									"host": [
										"{{base_url}}"
									],
									"path": [
										"app",
										"dashboard",
										"get_all_bookings"
									]
								}
							}
						},
						{
							"name": "Edit Booking",
							"request": {
								"method": "PATCH",
								"header": [
									{
										"key": "Authorization",
										"value": "Bearer {{admin_token}}"
									},
									{
										"key": "Content-Type",
										"value": "application/json"
									}
								],
								"body": {
									"mode": "raw",
									"raw": "{\n  \"status\": \"confirmed\",\n  \"notes\": \"تم تأكيد الحجز\"\n}"
								},
								"url": {
									"raw": "{{base_url}}/app/dashboard/edit_booking/{{booking_id}}",
									"host": [
										"{{base_url}}"
									],
									"path": [
										"app",
										"dashboard",
										"edit_booking",
										"{{booking_id}}"
									]
								}
							}
						},
						{
							"name": "Delete Booking",
							"request": {
								"method": "DELETE",
								"header": [
									{
										"key": "Authorization",
										"value": "Bearer {{admin_token}}"
									}
								],
								"url": {
									"raw": "{{base_url}}/app/dashboard/delete_booking/{{booking_id}}",
									"host": [
										"{{base_url}}"
									],
									"path": [
										"app",
										"dashboard",
										"delete_booking",
										"{{booking_id}}"
									]
								}
							}
						}
					]
				}
			]
		},
		{
			"name": "Website APIs",
			"item": [
				{
					"name": "Filter Departments",
					"request": {
						"method": "POST",
						"header": [
							{
								"key": "Content-Type",
								"value": "application/json"
							}
						],
						"body": {
							"mode": "raw",
							"raw": "{\n  \"neighborhood_id\": \"{{neighborhood_id}}\",\n  \"type\": \"sale\",\n  \"min_price\": 1000000,\n  \"max_price\": 2000000,\n  \"min_area\": 100,\n  \"max_area\": 150,\n  \"rooms\": 3\n}"
						},
						"url": {
							"raw": "{{base_url}}/app/website/filter_departments",
							"host": [
								"{{base_url}}"
							],
							"path": [
								"app",
								"website",
								"filter_departments"
							]
						}
					}
				},
				{
					"name": "Get All Departments in Neighborhood",
					"request": {
						"method": "GET",
						"header": [],
						"url": {
							"raw": "{{base_url}}/app/website/get_all_departments_in_neighborhood/{{neighborhood_id}}",
							"host": [
								"{{base_url}}"
							],
							"path": [
								"app",
								"website",
								"get_all_departments_in_neighborhood",
								"{{neighborhood_id}}"
							]
						}
					}
				},
				{
					"name": "Get Department by ID",
					"request": {
						"method": "GET",
						"header": [],
						"url": {
							"raw": "{{base_url}}/app/website/get_department/{{department_id}}",
							"host": [
								"{{base_url}}"
							],
							"path": [
								"app",
								"website",
								"get_department",
								"{{department_id}}"
							]
						}
					}
				},
				{
					"name": "Get All Neighborhoods",
					"request": {
						"method": "GET",
						"header": [],
						"url": {
							"raw": "{{base_url}}/app/website/get_all_neighborhoods",
							"host": [
								"{{base_url}}"
							],
							"path": [
								"app",
								"website",
								"get_all_neighborhoods"
							]
						}
					}
				},
				{
					"name": "Create Booking",
					"request": {
						"method": "POST",
						"header": [
							{
								"key": "Content-Type",
								"value": "application/json"
							}
						],
						"body": {
							"mode": "raw",
							"raw": "{\n  \"name\": \"أحمد محمد\",\n  \"email\": \"ahmed@example.com\",\n  \"phone\": \"+201234567890\",\n  \"message\": \"أريد حجز موعد لزيارة الشقة\",\n  \"preferred_date\": \"2024-01-15\",\n  \"preferred_time\": \"14:00\"\n}"
						},
						"url": {
							"raw": "{{base_url}}/app/website/create_booking/{{department_id}}",
							"host": [
								"{{base_url}}"
							],
							"path": [
								"app",
								"website",
								"create_booking",
								"{{department_id}}"
							]
						}
					}
				}
			]
		}
	],
	"variable": [
		{
			"key": "base_url",
			"value": "http://localhost:5000",
			"type": "string"
		},
		{
			"key": "admin_token",
			"value": "",
			"type": "string"
		},
		{
			"key": "neighborhood_id",
			"value": "",
			"type": "string"
		},
		{
			"key": "department_id",
			"value": "",
			"type": "string"
		},
		{
			"key": "booking_id",
			"value": "",
			"type": "string"
		}
	]
} 